path,filename,extension,bytes,modified_at,sha256
intake/L-Archive/2210EA63-711E-4F9C-BE7D-134DDFA28122 2.PNG,2210EA63-711E-4F9C-BE7D-134DDFA28122 2.PNG,PNG,3030465,2026-06-14T05:08:01-05:00,d27ed0a6453e55217410cf5f36008a6b60d0fe3dadc26ed0fd008643e449b7e6
intake/L-Archive/2210EA63-711E-4F9C-BE7D-134DDFA28122.PNG,2210EA63-711E-4F9C-BE7D-134DDFA28122.PNG,PNG,3030465,2026-06-14T05:07:51-05:00,d27ed0a6453e55217410cf5f36008a6b60d0fe3dadc26ed0fd008643e449b7e6
intake/L-Archive/IMG_0233.PNG,IMG_0233.PNG,PNG,1607706,2026-05-17T09:07:03-05:00,1dfa07e2c41a93df204f61e7784bd09a6535a14088a7195d8a29903ebdb4509c
intake/L-Archive/IMG_0253.HEIC,IMG_0253.HEIC,HEIC,2074066,2026-05-17T15:40:43-05:00,6b60dafeb0b934d581993043eab155d32e610b2320232a0bffadc1776ffa7fa5
intake/L-Archive/IMG_0298.HEIC,IMG_0298.HEIC,HEIC,1433599,2026-05-17T17:09:01-05:00,91d4451e859e4404914c05cba3d85af4d008f319b95196e1736ac04b7c7c1401
intake/L-Archive/IMG_0623.jpg,IMG_0623.jpg,JPG,343396,2026-06-11T19:28:25-05:00,c36b8a39adaaf933396f509c3778394e328aee58556cbe77b909ae46dc16b6b7
intake/L-Archive/IMG_1213.HEIC,IMG_1213.HEIC,HEIC,2646046,2026-06-06T17:57:53-05:00,6128483baf011c08f56cf808376f74b3cde847a1a8f2756e0f05ab8f9e7deaa7
intake/L-Archive/IMG_1214.HEIC,IMG_1214.HEIC,HEIC,2505452,2026-06-06T17:58:03-05:00,1f6d90bff14f1968a4895f594c3f6d5d63019576bc12d0b434d54913867d911c
intake/L-Archive/IMG_1215.HEIC,IMG_1215.HEIC,HEIC,2265061,2026-06-06T17:58:09-05:00,f42cf8920d5ed1cf594ad0abd7e566828459856b84e7e2aec7b1b0481ec6089b
intake/L-Archive/IMG_1262.HEIC,IMG_1262.HEIC,HEIC,1691773,2026-06-07T09:11:52-05:00,0c20439774294ed7e6f4960e1c7d3df44150e07cc49ab725caafc85d64c36b2d
intake/L-Archive/IMG_1264.HEIC,IMG_1264.HEIC,HEIC,1574880,2026-06-07T09:12:41-05:00,7f0959300d3c66b3009f233cd2c559413231134bbceeb6a95221bfd8d075f511
intake/L-Archive/IMG_1267.HEIC,IMG_1267.HEIC,HEIC,1622185,2026-06-07T09:13:56-05:00,12e7fc1fdbaaa7ffc0d5505923700aec5e25ee3b511a3bd3400a420b92642772
intake/L-Archive/IMG_1477.HEIC,IMG_1477.HEIC,HEIC,1227579,2026-06-11T02:25:21-05:00,04a28cbf680c630771e54a9793f360824cb0c728bbe124171ce6c2651fdd271b
intake/L-Archive/IMG_1565.jpg,IMG_1565.jpg,JPG,178766,2026-06-12T03:37:03-05:00,90fb760ec2c16e3ca5b7a00744a022cf634422706d2689a15beabdae88c18635
intake/L-Archive/IMG_1566.PNG,IMG_1566.PNG,PNG,1822713,2026-06-12T03:46:45-05:00,22e84d3e393f09a2c2fefe5448512d4c63cb56cb82f6f7a5a343672152d2fa8c
intake/L-Archive/IMG_1567.PNG,IMG_1567.PNG,PNG,2197250,2026-06-12T03:50:00-05:00,15fa6faef1c06f9d930896b52884b564b70847299acd49941a47e7e59c0aec2a
intake/L-Archive/IMG_1568.PNG,IMG_1568.PNG,PNG,829187,2026-06-12T03:52:13-05:00,a1da781b9483b3486077f0a347cc9e021e116c617580f53f493d3e1afd8f114c
intake/L-Archive/IMG_1583.PNG,IMG_1583.PNG,PNG,1908049,2026-06-12T23:09:45-05:00,7e4fb28db725bfb172d950d2fcc042b54a09ddbb02cf82c0e7897e82e38ecc00
intake/L-Archive/IMG_1585.jpg,IMG_1585.jpg,JPG,129163,2026-06-13T04:00:26-05:00,d44bd273c00c4c6b4b380bc57ba50c39a1759e8109045bcdccb4f911feef4558
intake/L-Archive/IMG_1586.jpg,IMG_1586.jpg,JPG,384031,2026-06-13T12:32:00-05:00,bd4716962d511cf12c510ce20a8c9f2fa03b1dfbeb3c51a00a013a388b9394a3
intake/L-Archive/IMG_1588.HEIC,IMG_1588.HEIC,HEIC,1783124,2026-06-13T14:39:44-05:00,3fdd01fd474297c0f1fed07725ecb7b388b6377e1f61b2dc32d045d5159c5f5d
intake/L-Archive/IMG_1616.HEIC,IMG_1616.HEIC,HEIC,1398257,2026-06-13T23:49:47-05:00,e7988d0bcd1cfe7d39a791554f460557ba5033c22db7c4498e6ce8124c2f1fd5
intake/L-Archive/IMG_1617.MOV,IMG_1617.MOV,MOV,74795958,2026-06-13T23:50:30-05:00,862e22fc95311b40c9f1b193067641b477992908900a89568b2106667feb8d04
intake/L-Archive/IMG_1618.MOV,IMG_1618.MOV,MOV,56870428,2026-06-14T00:07:53-05:00,1a93050b9116bed2f294bb8aaf8cefd3b8d771583ab0c050a90c3fcf55c03947
intake/L-Archive/IMG_1619.MOV,IMG_1619.MOV,MOV,34119243,2026-06-14T00:10:21-05:00,d0ded9581f89afc0cc5d5a93fe8e68e1cf05270730b111aa5cbfd4718cd48abe
intake/L-Archive/IMG_1620.HEIC,IMG_1620.HEIC,HEIC,2571250,2026-06-14T00:11:13-05:00,767824daee0333b877baeb6ced2f7aba56e58754793f6c0c311afee706e6a68a
intake/L-Archive/IMG_1621.HEIC,IMG_1621.HEIC,HEIC,2556301,2026-06-14T00:11:23-05:00,0c7828071aeb5290dddd100d2ca05874098eaece0fb21a53640264f6ad4f2aee
intake/L-Archive/IMG_1641.MOV,IMG_1641.MOV,MOV,49823861,2026-06-14T04:30:00-05:00,a128621b29c91a6c99f6afc5879338700b13aa75e85a755e33e7413f3cb930da
intake/L-Archive/IMG_1642.HEIC,IMG_1642.HEIC,HEIC,9214694,2026-06-14T04:30:31-05:00,84b7116d54727b0e329460f626e86846d131cb19d1f3c580e1d8fefb9c28c726
intake/L-Archive/IMG_1643.HEIC,IMG_1643.HEIC,HEIC,9447211,2026-06-14T04:30:39-05:00,60ea2eaf2185bae4c6bf4da864a817e76ec4b13177b389182f889b728ea553eb
intake/L-Archive/IMG_1644.HEIC,IMG_1644.HEIC,HEIC,1632738,2026-06-14T04:30:47-05:00,66e74ec8d430cdd8f375727cec50b2edda41a1ec797f4dd2543419d7c444cf7c
intake/L-Archive/IMG_1645.HEIC,IMG_1645.HEIC,HEIC,1123637,2026-06-14T04:30:56-05:00,9d66de3f8494e00391a6100cf9e9dd03c0fa493f5d8e27ad6b76acc8e048389d
intake/L-Archive/IMG_1646.HEIC,IMG_1646.HEIC,HEIC,1149789,2026-06-14T04:31:03-05:00,a8f400bf55125cb2ab912db019d3c1394022bf488d8227126ed043d2b364b1bc
intake/L-Archive/IMG_1647.HEIC,IMG_1647.HEIC,HEIC,2896608,2026-06-14T04:31:31-05:00,ba32177bc3ddf3d7ca11fcb9c9e93346b00b2073fef8b063d5263d2f9cd2c8a5
intake/L-Archive/IMG_1648.HEIC,IMG_1648.HEIC,HEIC,2432612,2026-06-14T04:31:35-05:00,44a4bd30accdb36ea8e6f48e5898ad6817ba1cc942d03f93f032e4c7c9b28b04
intake/L-Archive/IMG_1649.HEIC,IMG_1649.HEIC,HEIC,2833677,2026-06-14T04:31:42-05:00,1cab1fd63c44db04ec288c996e9264a5762dd20f03914a465bc6e7d5dad9f192
intake/L-Archive/IMG_1650.HEIC,IMG_1650.HEIC,HEIC,2940641,2026-06-14T04:31:49-05:00,e6f9ecd96d00feaf54075fb61c51fa880e532c14ad34a0d01a260ec14c8e3300
intake/L-Archive/IMG_1651.HEIC,IMG_1651.HEIC,HEIC,3191032,2026-06-14T04:31:52-05:00,667f2068927de691f83e53bf868b7415a689da1c388bf266b224bf2b67861900
intake/L-Archive/IMG_1652.HEIC,IMG_1652.HEIC,HEIC,3287287,2026-06-14T04:31:54-05:00,19fd1a4d7b4058a18432d5681bdb1ce86d8500e8dae2ca1c58f2ff0525303a41
intake/L-Archive/IMG_1653.HEIC,IMG_1653.HEIC,HEIC,3216537,2026-06-14T04:31:55-05:00,6671506ff296ab0b6aedfc8e896229c8adbd0804c723700628780d04727064c3
intake/L-Archive/IMG_1654.HEIC,IMG_1654.HEIC,HEIC,2895789,2026-06-14T04:31:56-05:00,76569e5cd8d4e271779620edfa4d994e4ee939cb07b07c1a29d275c59ff5e365
intake/L-Archive/IMG_1655.HEIC,IMG_1655.HEIC,HEIC,3119887,2026-06-14T04:31:59-05:00,94225d2da87bdb46343db2e62569685c85eb9c4bb9fb16488f5418a279c794bf
intake/L-Archive/IMG_1656.HEIC,IMG_1656.HEIC,HEIC,2680960,2026-06-14T04:32:08-05:00,0216bc3192f2db15151ea20f2de537da9300ea73e3eb77a6f7de55b409e360ee
intake/L-Archive/IMG_1657.HEIC,IMG_1657.HEIC,HEIC,2802673,2026-06-14T04:32:13-05:00,4696be454fcaceeb9f67c65f680b3f0d9d7d311647424b0ec80d6fbec28ade49
intake/L-Archive/IMG_1658.heic,IMG_1658.heic,HEIC,3296587,2026-06-14T04:32:30-05:00,721cd55c864adffe19c4cb1dd54d7a7520bbdbfb5ee5fba06ec05ada78e15d97
intake/L-Archive/IMG_1659.HEIC,IMG_1659.HEIC,HEIC,1418009,2026-06-14T04:43:18-05:00,7b020e640bb706fea479becbf2761b68ca4e0780818a5d96913acee9ce51ed73
intake/L-Archive/IMG_1660.HEIC,IMG_1660.HEIC,HEIC,862924,2026-06-14T04:43:34-05:00,c6afa078cf74d4c825edf667edb5eec3eb447be83d93e796523d92e3b07d3274
intake/L-Archive/IMG_1661.HEIC,IMG_1661.HEIC,HEIC,1017025,2026-06-14T04:43:55-05:00,4272ef9ec0e982d34159b69940e7c3ff051e1c2963590659a527759961760fd3
intake/L-Archive/IMG_1662.HEIC,IMG_1662.HEIC,HEIC,986669,2026-06-14T04:44:11-05:00,13daf7d04d3438dcbfcf4e50db4e972eeea9ec2b693717be6fffa6769fd26a73
intake/L-Archive/IMG_1663.HEIC,IMG_1663.HEIC,HEIC,909151,2026-06-14T04:44:15-05:00,279b02d3e39f6d741c7f02ce0ed5c686fcb0f67835789fe9d2be479d12dbe496
intake/L-Archive/IMG_1664.HEIC,IMG_1664.HEIC,HEIC,1038134,2026-06-14T04:44:21-05:00,b483a3c4fbdeb51f422ac1d23749d75f6d93ea8fcdf5fe71e128548ed9a57525
intake/L-Archive/IMG_1665.HEIC,IMG_1665.HEIC,HEIC,1155475,2026-06-14T04:44:33-05:00,0ef64f5210b8e28ab9f8fa3bab43e9550a2a8f88dc66ae301263556a9e39a75d
intake/L-Archive/IMG_1666.HEIC,IMG_1666.HEIC,HEIC,1012172,2026-06-14T04:44:39-05:00,712fa6d4e5d36c7893b6f071c469736e453a3f6863fa280bfbc599845785c875
intake/L-Archive/IMG_1667.jpg,IMG_1667.jpg,JPG,78577,2026-06-14T04:50:02-05:00,bd2b6b80a0bac7ca58ea53cda9adf3c12d7cd7a5d3a7786594101a6edc10148a
intake/L-Archive/IMG_1668.jpg,IMG_1668.jpg,JPG,161059,2026-06-14T04:52:01-05:00,ebae4e6d76d6bed942558980a1201a120206277c82293b64527182b855e504cb
intake/L-Archive/IMG_1671.PNG,IMG_1671.PNG,PNG,764419,2026-06-14T05:10:50-05:00,834f924da9df3011440e691e080654a968ee70f8822e8190940a11fdf77eb390
intake/L-Archive/IMG_1672.PNG,IMG_1672.PNG,PNG,1074628,2026-06-14T05:10:53-05:00,e0b60337ae9d2737898b8e6c3ae2009661a63858c28948c57919a3bd703e8c82
intake/L-Archive/IMG_1673.PNG,IMG_1673.PNG,PNG,1101944,2026-06-14T05:11:22-05:00,a3af29f061e988503d5023c99c85ee297ace5f787a0f3831614dbb33c479dbf4
intake/L-Archive/IMG_1674.PNG,IMG_1674.PNG,PNG,1309659,2026-06-14T05:11:25-05:00,64b5e8f394875ebec29038054ebdb2e85f62a5277d96e3ac734ad97dc8d8f836
intake/L-Archive/IMG_1675.PNG,IMG_1675.PNG,PNG,1178801,2026-06-14T05:11:37-05:00,68022c3309c204863bd0acd3e2f08e45c8c4527dc4f871267150723d9b85c340
intake/L-Archive/IMG_1700.HEIC,IMG_1700.HEIC,HEIC,7254284,2026-06-14T19:44:21-05:00,c763d63b255a36ce5a39a891c74f75a71f7c81ae23734b34955136405227a55c
intake/L-Archive/IMG_1701.HEIC,IMG_1701.HEIC,HEIC,1527997,2026-06-14T19:44:38-05:00,3c783e9cf21cb8f2de2f27b900987b97f8ef2ea72f6c19582b400971dc758b74
intake/L-Archive/IMG_1702.HEIC,IMG_1702.HEIC,HEIC,1573312,2026-06-14T19:44:45-05:00,1bba0baf39595a8d445f0ebd788f1f564d979a2a5dfd34fe7449f6181ed08935
intake/L-Archive/IMG_1703.HEIC,IMG_1703.HEIC,HEIC,1568476,2026-06-14T19:44:51-05:00,b222a4d54d55a2c2501221c967f9d354afa3a624cfb1c650127e7eba44612851
intake/L-Archive/IMG_1704.HEIC,IMG_1704.HEIC,HEIC,1562534,2026-06-14T19:44:57-05:00,639dac8a5505f45e9e449619f0f93abb710834848e795ec49a34dc53b30ce039
intake/L-Archive/IMG_1705.HEIC,IMG_1705.HEIC,HEIC,1606879,2026-06-14T19:45:10-05:00,ba28798d15949e1f6dd79a8d771969292cd32020de17bc9108c7e4938e5921b1
intake/L-Archive/IMG_1706.HEIC,IMG_1706.HEIC,HEIC,1609262,2026-06-14T19:45:16-05:00,010b0c0efffcea4f9bd07496ff4517b856dd5fdfe175d879bdfc21529adf40ed
intake/L-Archive/IMG_1707.HEIC,IMG_1707.HEIC,HEIC,1596376,2026-06-14T19:45:25-05:00,7ce1c7ac9ac05adb542baab071738db83d19f97763b044497b9dc675311361ba
intake/L-Archive/IMG_1708.HEIC,IMG_1708.HEIC,HEIC,1579734,2026-06-14T19:45:30-05:00,ccfc963855259587d515d9f4514f9072d4bb008ba46a4ff4b9064964ed5648b0
intake/L-Archive/IMG_1709.HEIC,IMG_1709.HEIC,HEIC,1595367,2026-06-14T19:45:36-05:00,47a3fb525c5cac9e1f1aca047cc060a30655a769f008cd5c878a19ef057aadca
intake/L-Archive/IMG_1710.HEIC,IMG_1710.HEIC,HEIC,1429268,2026-06-14T19:45:45-05:00,f4c0d040380faf16531b8fc7149894ff24cd49b1dd1bffbbe811ae87b9e90878
intake/L-Archive/IMG_1711.HEIC,IMG_1711.HEIC,HEIC,1403417,2026-06-14T19:46:08-05:00,1135d5db347705c5e89c3dc74ff3c70efee6d3358cd6338c7f1cd3a17a629d5d
intake/L-Archive/IMG_1712.HEIC,IMG_1712.HEIC,HEIC,1283918,2026-06-14T19:46:18-05:00,dd388896f254eabf726775698ec93968b1d83135131ef2f91df0f6d823af9699
intake/L-Archive/IMG_1713.HEIC,IMG_1713.HEIC,HEIC,1060190,2026-06-14T19:46:27-05:00,eb4c992000db739a3b4fece8852ac7d4e59aa44432ad2e323d1ebbcb149f29b0
intake/L-Archive/IMG_1714.HEIC,IMG_1714.HEIC,HEIC,1373856,2026-06-14T19:46:40-05:00,d3b3972c46031b6286325f9ea8748a10a9c95151b3fb244263b299ee1daf8101
intake/L-Archive/IMG_1715.HEIC,IMG_1715.HEIC,HEIC,1284371,2026-06-14T19:46:50-05:00,65f0c5db6cb5032a94cd640f72f3508fae45c22d370e04205db0908ada7d018c
intake/L-Archive/IMG_1716.HEIC,IMG_1716.HEIC,HEIC,1460101,2026-06-14T19:48:22-05:00,589f035358a87ce4e8aeaf3fb624e685347915ee7e82a8bd1cfb8d88625a608c
intake/L-Archive/IMG_1717.HEIC,IMG_1717.HEIC,HEIC,1552231,2026-06-14T19:48:34-05:00,6c5f0c2aee02b6433c2a1dcdeb189dedb28a31704e15bebd5ab21645efbbdf8f
intake/L-Archive/IMG_1718.HEIC,IMG_1718.HEIC,HEIC,1195097,2026-06-14T19:50:23-05:00,f3cadec136ad3353210f6aed73ec9f586aacdd2c01d9775286fe96fea8bb90d7
intake/L-Archive/IMG_1719.HEIC,IMG_1719.HEIC,HEIC,1400262,2026-06-14T19:50:35-05:00,1f5849ea32dbe7baff73f46bcfc5498cb4975e092c80ca3afe57000c7060b56e
intake/L-Archive/IMG_1720.HEIC,IMG_1720.HEIC,HEIC,1412649,2026-06-14T19:50:45-05:00,1503b4dcdfec9589ad8d70b248486bfb09574093aff5ea89f138b4600b418bf2
intake/L-Archive/IMG_1721.HEIC,IMG_1721.HEIC,HEIC,1181743,2026-06-14T19:50:52-05:00,865595131f65dbfd8f1f208cef8138375e4ae8d42617c1dca7b269ef6915e6a4
intake/L-Archive/IMG_1722.HEIC,IMG_1722.HEIC,HEIC,1343031,2026-06-14T19:51:00-05:00,d555c6f30752031a16dfb892883dd0f8986a4d5455bcaf3878f3f8186dc6f98b
intake/L-Archive/IMG_1723.HEIC,IMG_1723.HEIC,HEIC,1137378,2026-06-14T19:51:38-05:00,fa3ef3bf2783976ff626d061c05a8b158ad318ce5ac7435c2c0b5d356c566ca2
intake/L-Archive/IMG_1724.HEIC,IMG_1724.HEIC,HEIC,1177129,2026-06-14T19:51:50-05:00,745f7bd8431d7be3cc420cdd8f60f9f47519d0cf50cb792ec97ac19c45540d77
intake/L-Archive/IMG_1725.HEIC,IMG_1725.HEIC,HEIC,1292421,2026-06-14T19:52:00-05:00,19399b5ff66b3391bbe58d65860546fd44f9c583bb49902e6c8b62ece30a0eda
intake/L-Archive/IMG_1726.HEIC,IMG_1726.HEIC,HEIC,1193873,2026-06-14T19:52:09-05:00,53ac80fc80984ff340effa1c1c0404d9287352be7a7ec28e661f1edc39ab265b
intake/L-Archive/IMG_1727.HEIC,IMG_1727.HEIC,HEIC,1457308,2026-06-14T19:52:18-05:00,59ece93f43bcc3a3196f3a8aaeafc4c25533dbaa243dbcceeb18eb8ba27ad197
intake/L-Archive/IMG_1728.HEIC,IMG_1728.HEIC,HEIC,1244078,2026-06-14T19:52:26-05:00,92d0cce53b5dde81dfe6935584fab514fe1c1b65df5c3713d6ae314f53de7577
intake/L-Archive/IMG_1729.HEIC,IMG_1729.HEIC,HEIC,1175474,2026-06-14T19:52:33-05:00,c1e62547725a6fa0e390c14a0a1d00e595d7e2177739760771975039b6a68abf
intake/L-Archive/IMG_1730.HEIC,IMG_1730.HEIC,HEIC,1316342,2026-06-14T19:52:40-05:00,3b33ed01f833edf3168b9f19d9621c2a4d59b5f59c42452b2d04e8ce0ec22ffb
intake/L-Archive/IMG_1731.HEIC,IMG_1731.HEIC,HEIC,1274121,2026-06-14T19:53:04-05:00,556f076d70d3fbef3248260c670420b175d69d20a49d4833b9fee2f4482c8560
intake/L-Archive/IMG_1732.HEIC,IMG_1732.HEIC,HEIC,1299270,2026-06-14T19:57:57-05:00,de89cda8f09788040861f9e2acb1c2fd3ac95efc070e8bd920e12863a7d5af1a
intake/L-Archive/IMG_1733.HEIC,IMG_1733.HEIC,HEIC,1312501,2026-06-14T19:58:06-05:00,8024aff25f74b0c8da3b532d02ec2cac2a7cfafdee55e0a4024caf03ce43c098
intake/L-Archive/IMG_1734.HEIC,IMG_1734.HEIC,HEIC,1063356,2026-06-14T19:58:17-05:00,b843945e29482a82cb9e59314b84c9fbbe0ac8811ec833890b11a38f3186e10a
intake/L-Archive/IMG_1735.HEIC,IMG_1735.HEIC,HEIC,1138893,2026-06-14T19:58:27-05:00,4315163398054697dfc56e488745698de4067bd7602714c3443d5806c1111381
intake/L-Archive/IMG_1736.HEIC,IMG_1736.HEIC,HEIC,1082000,2026-06-14T19:58:34-05:00,b74c21160039f6170f3e6004ecb7b1aa9c23bd8c346224908bccc75fa1401c09
intake/L-Archive/IMG_1737.HEIC,IMG_1737.HEIC,HEIC,1096275,2026-06-14T19:58:39-05:00,95834c3f99ee505edfa6e590afaa19b1f5f3e9a876fff4901619921b2812256a
intake/L-Archive/IMG_1738.HEIC,IMG_1738.HEIC,HEIC,1174325,2026-06-14T19:58:45-05:00,fdebe82524be78b283933be9189478ca7a63e695715e985b2366701df36c6ba0
intake/L-Archive/IMG_1739.HEIC,IMG_1739.HEIC,HEIC,1054019,2026-06-14T19:58:49-05:00,5d33b2d74367ea6aa731c567cdd9ab0083fbdb687da1651023efab82ed4eea8b
intake/L-Archive/README.md,README.md,MD,1539,2026-06-13T14:27:33-05:00,eab36dd057cf2c2326ae9c60179b71c05df4eca579a66a383dd7253ef7b83a27
intake/L-Archive/ScreenRecording_06-12-2026 17-59-04_1.MP4,ScreenRecording_06-12-2026 17-59-04_1.MP4,MP4,27237894,2026-06-12T17:59:04-05:00,8d972e33ad1b16e703a19876a45c244fa6c9e7222243d51030674e838e32f6bb
